{"client_meta":{"background_color":{"r":0.9607843160629272,"g":0.9607843160629272,"b":0.9607843160629272,"a":1},"thumbnail_size":{"width":30,"height":398},"render_coordinates":{"x":0,"y":0,"width":1440,"height":19072}},"file_name":"Snow Removal","developer_related_links":[],"exported_at":"2026-05-08T11:47:26.863Z"}